id;descricao;valor;tipo;categoria_id;data_lancamento;data_competencia;conta_pagar_id;parcela_receber_id;forma_pagamento_id;observacoes;created_at;updated_at;created_by_user_id;ignorado;motivo_ignorado;organization_id
9ddfc190-4733-4196-ad0f-48a57cba4577;Pedido persianas M√°rcia ;1330;saida;34442ded-b7a2-445e-aae1-6c6ae95b7131;2026-01-08;;;;0ffcb307-71de-433a-bba9-8170fe332011;;2026-01-11 19:39:09.615504+00;2026-01-11 19:39:37.021144+00;c6105b6e-0416-437b-9e18-70dbe8db0a87;false;;11111111-1111-1111-1111-111111111111
6cb54537-f9bb-493a-92a3-cc8e5544a979;Emp√≥rio da brava;41;saida;91296ed5-9c8c-4cca-86ad-b81182b18d44;2026-01-10;;;;0ffcb307-71de-433a-bba9-8170fe332011;;2026-01-11 19:43:53.139107+00;2026-01-11 19:43:53.139107+00;c6105b6e-0416-437b-9e18-70dbe8db0a87;false;;11111111-1111-1111-1111-111111111111
d4a64dbf-97fe-4588-93d4-690ec678e6b9;Off.dipp sout.delivery;140.9;saida;fcb00b15-e739-4928-9f3e-20c0f4e21dd7;2026-01-11;;;;0ffcb307-71de-433a-bba9-8170fe332011;;2026-01-11 20:00:27.232479+00;2026-01-11 20:00:27.232479+00;c6105b6e-0416-437b-9e18-70dbe8db0a87;false;;11111111-1111-1111-1111-111111111111
f38388d1-dcb5-4ea3-bf5c-7f3c2a9ff7d3;Ruyz group;250;entrada;b609497f-f542-49ca-8e72-b167af59c112;2025-11-14;;;;0ffcb307-71de-433a-bba9-8170fe332011;;2025-12-28 13:58:57.91434+00;2026-01-07 19:10:38.669457+00;c6105b6e-0416-437b-9e18-70dbe8db0a87;false;;11111111-1111-1111-1111-111111111111
828581ae-fa6d-45bc-9806-824e2cee5b25;50% pedido M√°rcia ;1450;entrada;4dbc7dc9-5513-4f9e-8765-0c9b571f7863;2026-01-06;;;8e5c0165-cb72-4b75-8974-15b3d9a046e7;0ffcb307-71de-433a-bba9-8170fe332011;;2026-01-06 13:15:33.912918+00;2026-01-07 19:10:38.669457+00;c6105b6e-0416-437b-9e18-70dbe8db0a87;false;;11111111-1111-1111-1111-111111111111
a239f650-b93e-43f2-a49d-944a3942a0b8;Google;80;saida;9b4f09b7-4276-4dac-a055-4e6f5956a6a2;2025-11-14;;;;0ffcb307-71de-433a-bba9-8170fe332011;;2025-12-28 14:02:00.649973+00;2026-01-07 19:10:38.669457+00;c6105b6e-0416-437b-9e18-70dbe8db0a87;false;;11111111-1111-1111-1111-111111111111
f8f8fc79-de52-4f70-9304-4cdb0fa2b1f8;Super A sacola de lixo;32.9;saida;91296ed5-9c8c-4cca-86ad-b81182b18d44;2026-01-11;;;;0768d808-c2d9-4aa3-be31-6fd5dbbb387d;;2026-01-12 02:36:40.930689+00;2026-01-12 02:37:38.401015+00;c6105b6e-0416-437b-9e18-70dbe8db0a87;false;;11111111-1111-1111-1111-111111111111
19a144e2-0af3-48a3-bd22-ff4f17ac6c0f;Recebimento parcela 1 - Cloves;2400;entrada;;2026-01-13;;;12056e19-b751-41f7-b082-51224e7d0303;0ffcb307-71de-433a-bba9-8170fe332011;;2026-01-13 17:31:32.391474+00;2026-01-13 17:31:32.391474+00;c6105b6e-0416-437b-9e18-70dbe8db0a87;false;;11111111-1111-1111-1111-111111111111
61fc9d4d-25b5-4ca9-ac72-a529bb6a54f1;Entrada NADIR persiana;600;entrada;4dbc7dc9-5513-4f9e-8765-0c9b571f7863;2025-11-19;;;c8af2b8e-b679-4790-921e-2aa1f675e687;0ffcb307-71de-433a-bba9-8170fe332011;;2025-12-28 14:03:47.149925+00;2026-01-07 19:10:38.669457+00;c6105b6e-0416-437b-9e18-70dbe8db0a87;false;;11111111-1111-1111-1111-111111111111
060b45a2-b879-4bf9-8609-edf6828d51b7;Pagamento produ√ß√£o persiana Nadir ;435;saida;34442ded-b7a2-445e-aae1-6c6ae95b7131;2025-11-19;;;;0ffcb307-71de-433a-bba9-8170fe332011;;2025-12-28 14:08:33.514483+00;2026-01-07 19:10:38.669457+00;c6105b6e-0416-437b-9e18-70dbe8db0a87;false;;11111111-1111-1111-1111-111111111111
8c251c92-c7b1-48e8-80dd-ffe7d3e7d39e;Uber;23.49;saida;91296ed5-9c8c-4cca-86ad-b81182b18d44;2026-01-08;;;;0ffcb307-71de-433a-bba9-8170fe332011;;2026-01-11 19:40:19.163388+00;2026-01-11 19:55:10.241329+00;c6105b6e-0416-437b-9e18-70dbe8db0a87;false;;11111111-1111-1111-1111-111111111111
83ef93c7-dc41-4f42-9425-93ff136a6ef1;Emp√≥rio da brava;18;saida;91296ed5-9c8c-4cca-86ad-b81182b18d44;2026-01-10;;;;0ffcb307-71de-433a-bba9-8170fe332011;;2026-01-11 19:44:17.920554+00;2026-01-11 19:56:30.416585+00;c6105b6e-0416-437b-9e18-70dbe8db0a87;false;;11111111-1111-1111-1111-111111111111
c17962a9-de7c-4db7-8d42-d13a754a765f;Overall;14;saida;91296ed5-9c8c-4cca-86ad-b81182b18d44;2026-01-11;;;;0ffcb307-71de-433a-bba9-8170fe332011;;2026-01-11 20:00:55.747472+00;2026-01-11 20:00:55.747472+00;c6105b6e-0416-437b-9e18-70dbe8db0a87;false;;11111111-1111-1111-1111-111111111111
ab1091ac-79a7-44ae-859e-540d0d24cbd5;Alimenta√ß√£o ;108.45;saida;fcb00b15-e739-4928-9f3e-20c0f4e21dd7;2026-01-11;;;;0768d808-c2d9-4aa3-be31-6fd5dbbb387d;;2026-01-12 02:38:21.235698+00;2026-01-12 02:39:00.61607+00;c6105b6e-0416-437b-9e18-70dbe8db0a87;false;;11111111-1111-1111-1111-111111111111
10667494-6b7d-46d9-a35d-23a9af7d81ba;Trena;45.5;saida;5d84424b-8ac8-4282-bd2e-4e50ff175d82;2025-11-22;;;;0ffcb307-71de-433a-bba9-8170fe332011;;2025-12-28 14:10:01.963607+00;2026-01-07 19:10:38.669457+00;c6105b6e-0416-437b-9e18-70dbe8db0a87;false;;11111111-1111-1111-1111-111111111111
52b44e42-8d91-4cf0-9bff-927e51f25e93;S√≥cio Carlos ;25;saida;11fea846-7e3b-4272-af87-c85beec7fba9;2025-11-14;;;;0ffcb307-71de-433a-bba9-8170fe332011;;2025-12-28 14:01:04.469678+00;2026-01-07 19:10:38.669457+00;c6105b6e-0416-437b-9e18-70dbe8db0a87;false;;11111111-1111-1111-1111-111111111111
66ff99f0-7b1e-4179-95fc-10b54948a262;S√≥cio Jo√£o Pedro ;25;saida;48655882-5bdf-42ce-aa11-86baa8d95431;2025-11-17;;;;0ffcb307-71de-433a-bba9-8170fe332011;;2025-12-28 15:08:55.571918+00;2026-01-07 19:10:38.669457+00;c6105b6e-0416-437b-9e18-70dbe8db0a87;false;;11111111-1111-1111-1111-111111111111
618c983e-8e28-44a2-86e6-27cc843c63d0;Reserva s√≥cio carlos;25;saida;11fea846-7e3b-4272-af87-c85beec7fba9;2025-11-24;;;;0ffcb307-71de-433a-bba9-8170fe332011;;2025-12-28 15:11:50.123707+00;2026-01-07 19:10:38.669457+00;c6105b6e-0416-437b-9e18-70dbe8db0a87;false;;11111111-1111-1111-1111-111111111111
fb775f00-c803-495f-adc1-99ba820e7e15;Pagamento Raieny ;400;saida;91296ed5-9c8c-4cca-86ad-b81182b18d44;2025-11-24;;;;0ffcb307-71de-433a-bba9-8170fe332011;;2025-12-28 15:01:02.005137+00;2026-01-07 19:10:38.669457+00;c6105b6e-0416-437b-9e18-70dbe8db0a87;false;;11111111-1111-1111-1111-111111111111
00ca94b0-7972-4b73-b0c8-bac652ba102c;Pedido tecido bruna;496.04;saida;34442ded-b7a2-445e-aae1-6c6ae95b7131;2026-01-09;;;;0ffcb307-71de-433a-bba9-8170fe332011;;2026-01-11 19:41:18.56566+00;2026-01-11 19:41:41.722504+00;c6105b6e-0416-437b-9e18-70dbe8db0a87;false;;11111111-1111-1111-1111-111111111111
f1f42a17-5771-456c-ac8f-7e5b4bcf797e;Pagamento 50% dayse;3675;entrada;cb6ab640-bd2c-4d4e-a515-3d56d1b6730b;2025-11-25;;;3047ee19-0da3-40d7-84ca-7843de4534d5;0ffcb307-71de-433a-bba9-8170fe332011;;2025-12-28 15:14:24.129444+00;2026-01-07 19:10:38.669457+00;c6105b6e-0416-437b-9e18-70dbe8db0a87;false;;11111111-1111-1111-1111-111111111111
846b6993-0e28-48b5-8c6d-266463dd1b5e;Posto fl 34;139.8;saida;7af294be-a218-4c38-9005-340a11490212;2026-01-10;;;;0ffcb307-71de-433a-bba9-8170fe332011;;2026-01-11 19:44:52.133487+00;2026-01-11 19:44:52.133487+00;c6105b6e-0416-437b-9e18-70dbe8db0a87;false;;11111111-1111-1111-1111-111111111111
e46d0a4c-5a11-4481-933a-0abf1409a863;Aplica√ß√£o s√≥cio joao;25;saida;48655882-5bdf-42ce-aa11-86baa8d95431;2025-11-25;;;;0ffcb307-71de-433a-bba9-8170fe332011;;2025-12-28 15:15:30.861611+00;2026-01-07 19:10:38.669457+00;c6105b6e-0416-437b-9e18-70dbe8db0a87;false;;11111111-1111-1111-1111-111111111111
461779a1-5f9e-402c-a331-f42c15436612;Rotabalneario;5.5;saida;91296ed5-9c8c-4cca-86ad-b81182b18d44;2026-01-11;;;;0ffcb307-71de-433a-bba9-8170fe332011;;2026-01-11 20:01:26.231647+00;2026-01-11 20:01:26.231647+00;c6105b6e-0416-437b-9e18-70dbe8db0a87;false;;11111111-1111-1111-1111-111111111111
6405bd89-45b7-4544-b23f-bc92d843f0ac;Sabor tropical;68;saida;fcb00b15-e739-4928-9f3e-20c0f4e21dd7;2026-01-10;;;;0ffcb307-71de-433a-bba9-8170fe332011;;2026-01-11 19:45:21.599634+00;2026-01-11 20:01:40.05685+00;c6105b6e-0416-437b-9e18-70dbe8db0a87;false;;11111111-1111-1111-1111-111111111111
87417f78-1449-4206-b76b-0247d0f71245;Recebimento parcela 1 - C√©lia Bardini;350;entrada;29c4b232-c110-4071-93d6-bd100c897b36;2026-01-09;;;c8532f4f-0963-4fc3-85f2-ab2d07abab56;0ffcb307-71de-433a-bba9-8170fe332011;;2026-01-09 17:54:04.876425+00;2026-01-12 02:44:37.14202+00;c6105b6e-0416-437b-9e18-70dbe8db0a87;false;;11111111-1111-1111-1111-111111111111
4f858b68-96ee-4fd2-bf76-da3ae85c670e;Recebimento parcela 1 - Bruna sackmann;1700;entrada;cb6ab640-bd2c-4d4e-a515-3d56d1b6730b;2026-01-09;;;c42cbe1c-db15-42f6-aab2-7a009ffa31f8;0ffcb307-71de-433a-bba9-8170fe332011;;2026-01-12 02:43:50.341891+00;2026-01-12 02:44:50.882682+00;c6105b6e-0416-437b-9e18-70dbe8db0a87;false;;11111111-1111-1111-1111-111111111111
0970cf58-bb8d-42bc-b2be-9d55f4a9c98d;Pagamento trilho bruno;150;entrada;a7992b9f-2de2-44bd-8cae-12dbdade0360;2026-01-08;;;;0ffcb307-71de-433a-bba9-8170fe332011;;2026-01-11 19:36:54.22124+00;2026-01-11 19:36:54.22124+00;c6105b6e-0416-437b-9e18-70dbe8db0a87;false;;11111111-1111-1111-1111-111111111111
82509d97-48a5-4894-bb95-e1e5b16ff44d;Pagamento cortina linda costura;296;saida;9ec908f3-a8ed-4fed-b58a-4d84d856d3c9;2026-01-09;;;;0ffcb307-71de-433a-bba9-8170fe332011;;2026-01-11 19:42:20.068881+00;2026-01-11 19:55:47.266825+00;c6105b6e-0416-437b-9e18-70dbe8db0a87;false;;11111111-1111-1111-1111-111111111111
f2128b05-a80e-434d-a501-c76b5efebcbf;Mp*kdh;7;saida;91296ed5-9c8c-4cca-86ad-b81182b18d44;2026-01-10;;;;0ffcb307-71de-433a-bba9-8170fe332011;;2026-01-11 19:57:25.844435+00;2026-01-11 19:57:37.702203+00;c6105b6e-0416-437b-9e18-70dbe8db0a87;false;;11111111-1111-1111-1111-111111111111
0824813e-f0e8-4288-84f9-41b045a954c4;Dinheiro para bater com conta corrente.;1600;saida;930708e2-e219-46e2-9298-69ba459445e0;2026-01-11;;;;0ffcb307-71de-433a-bba9-8170fe332011;;2026-01-11 20:06:24.717931+00;2026-01-11 20:06:24.717931+00;c6105b6e-0416-437b-9e18-70dbe8db0a87;false;;11111111-1111-1111-1111-111111111111
860ab66e-656a-4b9f-8582-ae1ea40ae8a4;Recebimento parcela 1 - Nutrivitalli;2000;entrada;;2026-01-12;;;acb5d40f-c8ac-4958-8224-2e84498c275e;0ffcb307-71de-433a-bba9-8170fe332011;;2026-01-12 21:55:24.999612+00;2026-01-12 21:55:24.999612+00;c6105b6e-0416-437b-9e18-70dbe8db0a87;false;;11111111-1111-1111-1111-111111111111
c8470fdb-e513-4912-884e-7277da4d1791;Compra persiana dayse;450.33;saida;34442ded-b7a2-445e-aae1-6c6ae95b7131;2025-11-25;;;;0ffcb307-71de-433a-bba9-8170fe332011;;2025-12-28 15:17:05.599234+00;2026-01-07 19:10:38.669457+00;c6105b6e-0416-437b-9e18-70dbe8db0a87;false;;11111111-1111-1111-1111-111111111111
b324ceb3-f64f-4cde-a1b3-6b6d6e86f6de;Compra Tecido e papel de parede Global Port dayse;1162.5;saida;34442ded-b7a2-445e-aae1-6c6ae95b7131;2025-11-26;;;;0ffcb307-71de-433a-bba9-8170fe332011;;2025-12-28 15:18:00.828243+00;2026-01-07 19:10:38.669457+00;c6105b6e-0416-437b-9e18-70dbe8db0a87;false;;11111111-1111-1111-1111-111111111111
7ff4fc1c-628c-44cc-ab30-a2ccb91495a1;Tecido Giovana itapema;673.88;saida;34442ded-b7a2-445e-aae1-6c6ae95b7131;2025-12-01;;;;0ffcb307-71de-433a-bba9-8170fe332011;;2025-12-28 21:18:48.377388+00;2026-01-07 19:10:38.669457+00;c6105b6e-0416-437b-9e18-70dbe8db0a87;false;;11111111-1111-1111-1111-111111111111
385119d0-8a83-4559-ae64-64d6266d26ea;Aplica√ß√£o cr√©dito s√≥cio joao;400;saida;48655882-5bdf-42ce-aa11-86baa8d95431;2025-11-26;;;;0ffcb307-71de-433a-bba9-8170fe332011;;2025-12-28 15:18:55.491409+00;2026-01-07 19:10:38.669457+00;c6105b6e-0416-437b-9e18-70dbe8db0a87;false;;11111111-1111-1111-1111-111111111111
1db26f1c-cc05-48a1-a4ad-713356fcd314;GALO BE;20;saida;91296ed5-9c8c-4cca-86ad-b81182b18d44;2025-11-25;;;;0768d808-c2d9-4aa3-be31-6fd5dbbb387d;;2025-12-28 15:26:10.555361+00;2026-01-07 19:10:38.669457+00;c6105b6e-0416-437b-9e18-70dbe8db0a87;false;;11111111-1111-1111-1111-111111111111
a28cf9fc-5bb0-4754-a544-bd9085ca122f;Apple ;5.9;saida;91296ed5-9c8c-4cca-86ad-b81182b18d44;2025-11-27;;;;0768d808-c2d9-4aa3-be31-6fd5dbbb387d;;2025-12-28 15:39:01.665836+00;2026-01-07 19:10:38.669457+00;c6105b6e-0416-437b-9e18-70dbe8db0a87;false;;11111111-1111-1111-1111-111111111111
f2082464-c803-435f-93f5-14156bacbcb0;Dry;120;saida;91296ed5-9c8c-4cca-86ad-b81182b18d44;2025-11-27;;;;0ffcb307-71de-433a-bba9-8170fe332011;;2025-12-28 15:39:55.775609+00;2026-01-07 19:10:38.669457+00;c6105b6e-0416-437b-9e18-70dbe8db0a87;false;;11111111-1111-1111-1111-111111111111
496edb6b-3560-46ac-8fce-b051bd099e33;Academia;219.9;saida;91296ed5-9c8c-4cca-86ad-b81182b18d44;2025-11-27;;;;0ffcb307-71de-433a-bba9-8170fe332011;;2025-12-28 15:40:19.403769+00;2026-01-07 19:10:38.669457+00;c6105b6e-0416-437b-9e18-70dbe8db0a87;false;;11111111-1111-1111-1111-111111111111
6a4ef059-17ee-4db8-b2c4-1ee1b1b6ba22;Gasolina;137.98;saida;7af294be-a218-4c38-9005-340a11490212;2025-11-28;;;;0768d808-c2d9-4aa3-be31-6fd5dbbb387d;;2025-12-28 20:54:37.217185+00;2026-01-07 19:10:38.669457+00;c6105b6e-0416-437b-9e18-70dbe8db0a87;false;;11111111-1111-1111-1111-111111111111
32264cc6-fbe4-43e4-bf5c-c7cc9b53547b;Pista 4;5.7;saida;91296ed5-9c8c-4cca-86ad-b81182b18d44;2025-11-28;;;;0768d808-c2d9-4aa3-be31-6fd5dbbb387d;;2025-12-28 20:55:54.610793+00;2026-01-07 19:10:38.669457+00;c6105b6e-0416-437b-9e18-70dbe8db0a87;false;;11111111-1111-1111-1111-111111111111
90b33ed9-56cf-43c0-b5d0-eccb471b742d;Mp store;34.44;saida;91296ed5-9c8c-4cca-86ad-b81182b18d44;2025-11-28;;;;0768d808-c2d9-4aa3-be31-6fd5dbbb387d;;2025-12-28 20:56:36.657419+00;2026-01-07 19:10:38.669457+00;c6105b6e-0416-437b-9e18-70dbe8db0a87;false;;11111111-1111-1111-1111-111111111111
a08b70f7-4669-4856-a7e0-50b2ce10386a;Terceiriza√ß√£o pintura IBG;800;entrada;365b69c3-4214-41f9-b37f-2af4fc2463af;2025-11-24;;;;f69464eb-ca07-44f5-99df-7983e5a5079f;;2025-12-28 14:11:43.814325+00;2026-01-07 19:10:38.669457+00;c6105b6e-0416-437b-9e18-70dbe8db0a87;false;;11111111-1111-1111-1111-111111111111
3dc51106-26d8-4d9d-8a1d-d96cb8b1835c;Pagamento pintura ibg;360;saida;955946fe-c047-4bb1-a494-95f989302530;2025-11-24;;;;0ffcb307-71de-433a-bba9-8170fe332011;;2025-12-28 15:00:20.345668+00;2026-01-07 19:10:38.669457+00;c6105b6e-0416-437b-9e18-70dbe8db0a87;false;;11111111-1111-1111-1111-111111111111
b8eb0dcb-e1c0-4185-aa91-3e0e189758ee;Abastecimento;200.44;saida;7af294be-a218-4c38-9005-340a11490212;2025-11-29;;;;0768d808-c2d9-4aa3-be31-6fd5dbbb387d;;2025-12-28 21:04:22.546846+00;2026-01-07 19:10:38.669457+00;c6105b6e-0416-437b-9e18-70dbe8db0a87;false;;11111111-1111-1111-1111-111111111111
a7c8d8f7-b2a2-4444-bf31-3015bc8ea89c;Pagamento pintor ibg 50/50;300;saida;955946fe-c047-4bb1-a494-95f989302530;2025-11-28;;;;0ffcb307-71de-433a-bba9-8170fe332011;;2025-12-28 20:58:24.69578+00;2026-01-07 19:10:38.669457+00;c6105b6e-0416-437b-9e18-70dbe8db0a87;false;;11111111-1111-1111-1111-111111111111
66833c25-71fe-49b8-be55-93cf9ec0c806;Pod üò∂‚Äçüå´Ô∏è;125;saida;91296ed5-9c8c-4cca-86ad-b81182b18d44;2025-11-29;;;;0768d808-c2d9-4aa3-be31-6fd5dbbb387d;;2025-12-28 21:07:18.59208+00;2026-01-07 19:10:38.669457+00;c6105b6e-0416-437b-9e18-70dbe8db0a87;false;;11111111-1111-1111-1111-111111111111
ba12be3c-ab1e-4b8b-91f7-d1545eec5438;Zp armazem da gula;5.99;saida;91296ed5-9c8c-4cca-86ad-b81182b18d44;2025-11-29;;;;0768d808-c2d9-4aa3-be31-6fd5dbbb387d;;2025-12-28 21:08:16.390592+00;2026-01-07 19:10:38.669457+00;c6105b6e-0416-437b-9e18-70dbe8db0a87;false;;11111111-1111-1111-1111-111111111111
bb5fc424-c301-4d88-84af-d5b0e6a8170d;Farmacia;55.99;saida;91296ed5-9c8c-4cca-86ad-b81182b18d44;2025-11-29;;;;0768d808-c2d9-4aa3-be31-6fd5dbbb387d;;2025-12-28 21:09:31.115687+00;2026-01-07 19:10:38.669457+00;c6105b6e-0416-437b-9e18-70dbe8db0a87;false;;11111111-1111-1111-1111-111111111111
f5178014-89b7-4ea9-8ca2-5d4f3569a315;Entrada persiana Vera L√∫cia 50/50;600;entrada;4dbc7dc9-5513-4f9e-8765-0c9b571f7863;2025-12-01;;;fa04032c-31a9-42cd-935f-37b4783cb396;0ffcb307-71de-433a-bba9-8170fe332011;;2025-12-28 21:11:12.34039+00;2026-01-07 19:10:38.669457+00;c6105b6e-0416-437b-9e18-70dbe8db0a87;false;;11111111-1111-1111-1111-111111111111
8f8bc28d-d54b-4965-abfd-7332d5c9a4fc;Papel de parede Luiz Gustavo ;182.28;saida;34442ded-b7a2-445e-aae1-6c6ae95b7131;2025-11-28;;;;0ffcb307-71de-433a-bba9-8170fe332011;;2025-12-28 21:02:50.913878+00;2026-01-07 19:10:38.669457+00;c6105b6e-0416-437b-9e18-70dbe8db0a87;false;;11111111-1111-1111-1111-111111111111
bd800235-7d56-4cca-a1eb-83a2ea1e12fe;Hiper mercadinho ;4.29;saida;91296ed5-9c8c-4cca-86ad-b81182b18d44;2025-12-01;;;;0768d808-c2d9-4aa3-be31-6fd5dbbb387d;;2025-12-28 21:15:59.229115+00;2026-01-07 19:10:38.669457+00;c6105b6e-0416-437b-9e18-70dbe8db0a87;false;;11111111-1111-1111-1111-111111111111
ebcfc7ed-5734-4a1a-a3c6-39947236d5bf;Instala√ß√£o Luiz Gustavo ;225;saida;f5ee4266-0732-48dd-a922-67f178a0f168;2025-12-01;;;;0ffcb307-71de-433a-bba9-8170fe332011;;2025-12-28 21:17:12.017346+00;2026-01-07 19:10:38.669457+00;c6105b6e-0416-437b-9e18-70dbe8db0a87;false;;11111111-1111-1111-1111-111111111111
56fe4786-ca7a-414a-904b-72c30889e6ac;Dry üò∂‚Äçüå´Ô∏è;90;saida;91296ed5-9c8c-4cca-86ad-b81182b18d44;2025-12-01;;;;0ffcb307-71de-433a-bba9-8170fe332011;;2025-12-28 21:19:47.137562+00;2026-01-07 19:10:38.669457+00;c6105b6e-0416-437b-9e18-70dbe8db0a87;false;;11111111-1111-1111-1111-111111111111
45328861-2f2a-4460-9c23-627b53bc00a0;Pagamento costura Dayse;330;saida;9ec908f3-a8ed-4fed-b58a-4d84d856d3c9;2025-12-02;;;;0ffcb307-71de-433a-bba9-8170fe332011;;2025-12-28 21:21:31.729926+00;2026-01-07 19:10:38.669457+00;c6105b6e-0416-437b-9e18-70dbe8db0a87;false;;11111111-1111-1111-1111-111111111111
bf7abdb0-aa64-4c79-a19a-084643506d74;Material fornecedor;29.41;saida;34442ded-b7a2-445e-aae1-6c6ae95b7131;2025-12-02;;;;0ffcb307-71de-433a-bba9-8170fe332011;;2025-12-28 21:22:35.698261+00;2026-01-07 19:10:38.669457+00;c6105b6e-0416-437b-9e18-70dbe8db0a87;false;;11111111-1111-1111-1111-111111111111
0ecba341-4469-4ccf-9b92-9c4d18ff87ad;Entrada cortina uvva 50/50;350;entrada;cb6ab640-bd2c-4d4e-a515-3d56d1b6730b;2025-12-04;;;defc0404-4150-4db5-bc31-2b2e8bd22e2e;0ffcb307-71de-433a-bba9-8170fe332011;;2025-12-28 21:28:34.376721+00;2026-01-07 19:10:38.669457+00;c6105b6e-0416-437b-9e18-70dbe8db0a87;false;;11111111-1111-1111-1111-111111111111
ce73fd71-9fc2-45eb-aade-d07d2c1efdac;Pagamento Lorena;250;entrada;b609497f-f542-49ca-8e72-b167af59c112;2025-11-24;;;;0ffcb307-71de-433a-bba9-8170fe332011;;2025-12-28 14:19:56.969405+00;2026-01-07 19:10:38.669457+00;c6105b6e-0416-437b-9e18-70dbe8db0a87;true;Ajuste cont√°bil;11111111-1111-1111-1111-111111111111
6000c389-3a15-44f3-b358-12748bade381;Spotify;23.9;saida;91296ed5-9c8c-4cca-86ad-b81182b18d44;2025-12-04;;;;0768d808-c2d9-4aa3-be31-6fd5dbbb387d;;2025-12-28 21:30:28.459716+00;2026-01-07 19:10:38.669457+00;c6105b6e-0416-437b-9e18-70dbe8db0a87;false;;11111111-1111-1111-1111-111111111111
a81d53f6-9b02-4e30-81dd-b9c7013ce45a;Aplica√ß√£o s√≥cio joao;200;saida;48655882-5bdf-42ce-aa11-86baa8d95431;2025-12-04;;;;0ffcb307-71de-433a-bba9-8170fe332011;;2025-12-28 21:31:09.096026+00;2026-01-07 19:10:38.669457+00;c6105b6e-0416-437b-9e18-70dbe8db0a87;false;;11111111-1111-1111-1111-111111111111
fb1b4093-6995-4600-9900-5e33de9ffaf8;Gasolina;65.9;saida;7af294be-a218-4c38-9005-340a11490212;2025-12-04;;;;0768d808-c2d9-4aa3-be31-6fd5dbbb387d;;2025-12-28 21:31:49.223849+00;2026-01-07 19:10:38.669457+00;c6105b6e-0416-437b-9e18-70dbe8db0a87;false;;11111111-1111-1111-1111-111111111111
bad2dfb0-091e-4dfc-8223-b51056d1ee38;Papel de parede;92;saida;34442ded-b7a2-445e-aae1-6c6ae95b7131;2025-12-05;;;;0ffcb307-71de-433a-bba9-8170fe332011;;2025-12-28 21:38:24.796086+00;2026-01-07 19:10:38.669457+00;c6105b6e-0416-437b-9e18-70dbe8db0a87;false;;11111111-1111-1111-1111-111111111111
d75e6e64-0604-486f-aa47-054caaab1c2f;Pagamento de instala√ß√£o ;150;saida;f5ee4266-0732-48dd-a922-67f178a0f168;2025-12-05;;;;0ffcb307-71de-433a-bba9-8170fe332011;;2025-12-28 21:40:47.38783+00;2026-01-07 19:10:38.669457+00;c6105b6e-0416-437b-9e18-70dbe8db0a87;false;;11111111-1111-1111-1111-111111111111
da879c99-061f-4cda-bceb-717dc88811ed;Material para costura;184.86;saida;9ec908f3-a8ed-4fed-b58a-4d84d856d3c9;2025-12-05;;;;0ffcb307-71de-433a-bba9-8170fe332011;;2025-12-28 21:42:13.673989+00;2026-01-07 19:10:38.669457+00;c6105b6e-0416-437b-9e18-70dbe8db0a87;false;;11111111-1111-1111-1111-111111111111
05fda60c-265b-44c1-8903-b9ef8d859970;Pagamento instala√ß√£o Dayse;1000;saida;f5ee4266-0732-48dd-a922-67f178a0f168;2025-12-03;;;;0ffcb307-71de-433a-bba9-8170fe332011;;2025-12-28 21:26:45.586808+00;2026-01-07 19:10:38.669457+00;c6105b6e-0416-437b-9e18-70dbe8db0a87;false;;11111111-1111-1111-1111-111111111111
3dce7dc1-b68a-4462-9dc6-510433c2ea2a;Saldo Nadir;400;entrada;4dbc7dc9-5513-4f9e-8765-0c9b571f7863;2025-12-04;;;31aca65a-812f-42e6-b4e6-e88d8147e1e1;0ffcb307-71de-433a-bba9-8170fe332011;;2025-12-28 21:27:38.572576+00;2026-01-07 19:10:38.669457+00;c6105b6e-0416-437b-9e18-70dbe8db0a87;false;;11111111-1111-1111-1111-111111111111
7792fd78-125f-43c2-ada2-e65ea6818752;Persiana Bruno 50/100;725;entrada;4dbc7dc9-5513-4f9e-8765-0c9b571f7863;2025-12-09;;;620e77f0-a522-469d-91f5-c71e2fde72d9;0ffcb307-71de-433a-bba9-8170fe332011;;2025-12-29 05:45:29.943147+00;2026-01-07 19:10:38.669457+00;c6105b6e-0416-437b-9e18-70dbe8db0a87;false;;11111111-1111-1111-1111-111111111111
ddf53dc7-f2de-4876-b128-f219c5e72d99;Entrada Alex souto 50/100;1000;entrada;ba6f9b4e-325e-4e0c-a5f8-039955a96c7c;2025-12-09;;;72c58d51-771a-4653-8ccc-25ecd3894b3b;0ffcb307-71de-433a-bba9-8170fe332011;;2025-12-29 05:47:26.158117+00;2026-01-07 19:10:38.669457+00;c6105b6e-0416-437b-9e18-70dbe8db0a87;false;;11111111-1111-1111-1111-111111111111
edc00e89-ab19-4fba-84a5-c7f5bcc54370;Gasolina;15;saida;7af294be-a218-4c38-9005-340a11490212;2025-12-21;;;;0ffcb307-71de-433a-bba9-8170fe332011;;2025-12-29 19:44:03.567304+00;2026-01-07 19:10:38.669457+00;c6105b6e-0416-437b-9e18-70dbe8db0a87;false;;11111111-1111-1111-1111-111111111111
61469b5c-4b10-46fb-8d00-51a54ae385a7;Pagamento persiana Alex;297;saida;34442ded-b7a2-445e-aae1-6c6ae95b7131;2025-12-09;;;;0ffcb307-71de-433a-bba9-8170fe332011;;2025-12-29 05:50:25.911741+00;2026-01-07 19:10:38.669457+00;c6105b6e-0416-437b-9e18-70dbe8db0a87;false;;11111111-1111-1111-1111-111111111111
2a75e931-548a-4814-91d3-c1aca7817cc2;Tecido Alex souto;272.9;saida;34442ded-b7a2-445e-aae1-6c6ae95b7131;2025-12-09;;;;0ffcb307-71de-433a-bba9-8170fe332011;;2025-12-29 05:51:07.268751+00;2026-01-07 19:10:38.669457+00;c6105b6e-0416-437b-9e18-70dbe8db0a87;false;;11111111-1111-1111-1111-111111111111
62b6bc2e-315c-42d8-bf95-45f523562ed8;Material para confec√ßao;110;saida;34442ded-b7a2-445e-aae1-6c6ae95b7131;2025-12-09;;;;0ffcb307-71de-433a-bba9-8170fe332011;;2025-12-29 05:54:00.681511+00;2026-01-07 19:10:38.669457+00;c6105b6e-0416-437b-9e18-70dbe8db0a87;false;;11111111-1111-1111-1111-111111111111
a74ac384-db57-410d-a1af-4b009ef0022a;Aplica√ßao;200;saida;48655882-5bdf-42ce-aa11-86baa8d95431;2025-12-09;;;;0ffcb307-71de-433a-bba9-8170fe332011;;2025-12-29 05:54:52.396884+00;2026-01-07 19:10:38.669457+00;c6105b6e-0416-437b-9e18-70dbe8db0a87;false;;11111111-1111-1111-1111-111111111111
82a9470a-cda3-4cd7-8bfa-80c169917a21;Pagamento cortina ;372;saida;9ec908f3-a8ed-4fed-b58a-4d84d856d3c9;2025-12-09;;;;0ffcb307-71de-433a-bba9-8170fe332011;;2025-12-29 05:55:49.648765+00;2026-01-07 19:10:38.669457+00;c6105b6e-0416-437b-9e18-70dbe8db0a87;false;;11111111-1111-1111-1111-111111111111
53201896-c7b6-4e83-a131-46f1784ca893;Pagamento persiana bruno;473.7;saida;34442ded-b7a2-445e-aae1-6c6ae95b7131;2025-12-09;;;;0ffcb307-71de-433a-bba9-8170fe332011;;2025-12-29 05:57:36.429957+00;2026-01-07 19:10:38.669457+00;c6105b6e-0416-437b-9e18-70dbe8db0a87;false;;11111111-1111-1111-1111-111111111111
9883a378-1a99-44bc-b7b7-9ff5c795b0b7;Saldo cortina uvva ‚úÖ;300;entrada;cb6ab640-bd2c-4d4e-a515-3d56d1b6730b;2025-12-10;;;11d46224-e801-4a55-8bcf-e1fd6eff4dbc;0ffcb307-71de-433a-bba9-8170fe332011;;2025-12-29 05:58:27.562971+00;2026-01-07 19:10:38.669457+00;c6105b6e-0416-437b-9e18-70dbe8db0a87;false;;11111111-1111-1111-1111-111111111111
534080d5-47e0-4dd8-ab2f-aeafc06bbbce;Pagamento nutrivitali;2000;entrada;365b69c3-4214-41f9-b37f-2af4fc2463af;2025-12-10;;;;0ffcb307-71de-433a-bba9-8170fe332011;;2025-12-29 06:00:00.706648+00;2026-01-07 19:10:38.669457+00;c6105b6e-0416-437b-9e18-70dbe8db0a87;false;;11111111-1111-1111-1111-111111111111
7222447c-a176-447c-99d8-be39bb251786;Saldo dayse ‚úÖ;3675;entrada;ba6f9b4e-325e-4e0c-a5f8-039955a96c7c;2025-12-10;;;9d0f3158-39cc-42b9-9251-9d17e058d906;0ffcb307-71de-433a-bba9-8170fe332011;;2025-12-29 06:00:51.859557+00;2026-01-07 19:10:38.669457+00;c6105b6e-0416-437b-9e18-70dbe8db0a87;false;;11111111-1111-1111-1111-111111111111
f6e922a1-eb70-4c8e-8302-9630b8bd7c90;Pagamento cortina Giovana ;2460;entrada;cb6ab640-bd2c-4d4e-a515-3d56d1b6730b;2025-12-10;;;917c7678-d66d-4e3f-b30e-cfd685c96465;be6bdd03-5b7a-4814-975a-e3510d816338;;2025-12-29 06:03:41.542527+00;2026-01-07 19:10:38.669457+00;c6105b6e-0416-437b-9e18-70dbe8db0a87;false;;11111111-1111-1111-1111-111111111111
c64c4858-e6ca-4c1c-8dca-52a9a59700c7;Abastecimento;101.85;saida;7af294be-a218-4c38-9005-340a11490212;2025-12-10;;;;0768d808-c2d9-4aa3-be31-6fd5dbbb387d;;2025-12-29 06:05:34.546962+00;2026-01-07 19:10:38.669457+00;c6105b6e-0416-437b-9e18-70dbe8db0a87;false;;11111111-1111-1111-1111-111111111111
d9e94640-6274-42aa-a475-c56a13feb20c;S√≥cio carlos pagamento nutrivitalli;2000;saida;ededb99d-c8c2-4ecf-b9ae-be9654ccd2e8;2025-12-10;;;;0ffcb307-71de-433a-bba9-8170fe332011;;2025-12-29 06:06:58.301407+00;2026-01-07 19:10:38.669457+00;c6105b6e-0416-437b-9e18-70dbe8db0a87;false;;11111111-1111-1111-1111-111111111111
3a6ecdf2-c802-4dc4-8942-2383a44c287a;Tecidos giovana;615.83;saida;34442ded-b7a2-445e-aae1-6c6ae95b7131;2025-12-10;;;;0ffcb307-71de-433a-bba9-8170fe332011;;2025-12-29 06:07:46.639331+00;2026-01-07 19:10:38.669457+00;c6105b6e-0416-437b-9e18-70dbe8db0a87;false;;11111111-1111-1111-1111-111111111111
b455b859-2166-46f9-8f95-8b35d7376ebf;Tecidos ;386.97;saida;34442ded-b7a2-445e-aae1-6c6ae95b7131;2025-12-11;;;;0ffcb307-71de-433a-bba9-8170fe332011;;2025-12-29 06:08:52.429663+00;2026-01-07 19:10:38.669457+00;c6105b6e-0416-437b-9e18-70dbe8db0a87;false;;11111111-1111-1111-1111-111111111111
076adb2a-3783-41bc-8a13-5ad2ed4e16a4;Uber;15.43;saida;91296ed5-9c8c-4cca-86ad-b81182b18d44;2025-12-11;;;;0ffcb307-71de-433a-bba9-8170fe332011;;2025-12-29 06:09:30.09336+00;2026-01-07 19:10:38.669457+00;c6105b6e-0416-437b-9e18-70dbe8db0a87;false;;11111111-1111-1111-1111-111111111111
777f2597-62a9-41d0-8e73-174cd0e6e6f6;Pagamento costura;392;saida;9ec908f3-a8ed-4fed-b58a-4d84d856d3c9;2025-12-11;;;;0ffcb307-71de-433a-bba9-8170fe332011;;2025-12-29 06:09:57.05461+00;2026-01-07 19:10:38.669457+00;c6105b6e-0416-437b-9e18-70dbe8db0a87;false;;11111111-1111-1111-1111-111111111111
260dbe2f-da1b-428d-8ab3-faeab0969600;Pagamento fatura cartao;1250;saida;9b4f09b7-4276-4dac-a055-4e6f5956a6a2;2025-12-11;;;;0ffcb307-71de-433a-bba9-8170fe332011;;2025-12-29 06:10:34.895813+00;2026-01-07 19:10:38.669457+00;c6105b6e-0416-437b-9e18-70dbe8db0a87;false;;11111111-1111-1111-1111-111111111111
7728ec31-96d4-42f9-81dd-139154acd88d;Pagamento costura;225;saida;9ec908f3-a8ed-4fed-b58a-4d84d856d3c9;2025-12-11;;;;0ffcb307-71de-433a-bba9-8170fe332011;;2025-12-29 06:11:16.156834+00;2026-01-07 19:10:38.669457+00;c6105b6e-0416-437b-9e18-70dbe8db0a87;false;;11111111-1111-1111-1111-111111111111
7a435a12-fd0f-4edd-a37f-6adc7f14421e;Cortina linda;2176;entrada;cb6ab640-bd2c-4d4e-a515-3d56d1b6730b;2025-12-12;;;21312466-9fca-41c3-8401-378232d06d48;be6bdd03-5b7a-4814-975a-e3510d816338;;2025-12-29 06:13:05.201691+00;2026-01-07 19:10:38.669457+00;c6105b6e-0416-437b-9e18-70dbe8db0a87;false;;11111111-1111-1111-1111-111111111111
ddcd22a1-6225-4155-9519-d9382d8507fa;Instala√ßao;150;saida;f5ee4266-0732-48dd-a922-67f178a0f168;2025-12-12;;;;0ffcb307-71de-433a-bba9-8170fe332011;;2025-12-29 06:14:13.795823+00;2026-01-07 19:10:38.669457+00;c6105b6e-0416-437b-9e18-70dbe8db0a87;false;;11111111-1111-1111-1111-111111111111
f41d73bb-c064-48ed-89dd-7a2adb8e0bd5;Almo√ßo no voo livre;309.3;saida;91296ed5-9c8c-4cca-86ad-b81182b18d44;2025-12-13;;;;0ffcb307-71de-433a-bba9-8170fe332011;;2025-12-29 06:15:40.174345+00;2026-01-07 19:10:38.669457+00;c6105b6e-0416-437b-9e18-70dbe8db0a87;false;;11111111-1111-1111-1111-111111111111
4d604006-2b95-4fec-9f8a-5495bf311e1a;Balaninha de thc;300;saida;91296ed5-9c8c-4cca-86ad-b81182b18d44;2025-12-13;;;;0ffcb307-71de-433a-bba9-8170fe332011;;2025-12-29 06:15:05.660095+00;2026-01-07 19:10:38.669457+00;c6105b6e-0416-437b-9e18-70dbe8db0a87;false;;11111111-1111-1111-1111-111111111111
9a1c98bc-f44c-4fcc-805f-87c77cbe227b;Saldo cortina alex;1500;entrada;ba6f9b4e-325e-4e0c-a5f8-039955a96c7c;2025-12-15;;;29a83808-05d9-4415-9240-aa9781307cd6;0ffcb307-71de-433a-bba9-8170fe332011;;2025-12-29 06:19:32.80224+00;2026-01-07 19:10:38.669457+00;c6105b6e-0416-437b-9e18-70dbe8db0a87;false;;11111111-1111-1111-1111-111111111111
3cea7043-e4f6-46fd-a876-36a4618839b3;Material - serra;54.9;saida;5d84424b-8ac8-4282-bd2e-4e50ff175d82;2025-12-16;;;;0ffcb307-71de-433a-bba9-8170fe332011;;2025-12-29 06:24:53.306815+00;2026-01-07 19:10:38.669457+00;c6105b6e-0416-437b-9e18-70dbe8db0a87;false;;11111111-1111-1111-1111-111111111111
6ad0a291-7965-45d3-ba11-b95cd4395f91;Almo√ßo socios - mazeavilla;137;saida;91296ed5-9c8c-4cca-86ad-b81182b18d44;2025-12-16;;;;0ffcb307-71de-433a-bba9-8170fe332011;;2025-12-29 06:26:12.030059+00;2026-01-07 19:10:38.669457+00;c6105b6e-0416-437b-9e18-70dbe8db0a87;false;;11111111-1111-1111-1111-111111111111
9499f290-fa6d-42df-9646-e969afe03f40;Abastecimento;135.8;saida;7af294be-a218-4c38-9005-340a11490212;2025-12-16;;;;0ffcb307-71de-433a-bba9-8170fe332011;;2025-12-29 06:27:03.876328+00;2026-01-07 19:10:38.669457+00;c6105b6e-0416-437b-9e18-70dbe8db0a87;false;;11111111-1111-1111-1111-111111111111
0ae9bb06-7319-4e45-a28a-168179d02792;Mercadinho;11;saida;91296ed5-9c8c-4cca-86ad-b81182b18d44;2025-12-16;;;;0ffcb307-71de-433a-bba9-8170fe332011;;2025-12-29 06:27:38.009598+00;2026-01-07 19:10:38.669457+00;c6105b6e-0416-437b-9e18-70dbe8db0a87;false;;11111111-1111-1111-1111-111111111111
87b60729-acaa-4d12-9330-07552b2e641f;Trilhos itapema;255.19;saida;34442ded-b7a2-445e-aae1-6c6ae95b7131;2025-12-16;;;;0ffcb307-71de-433a-bba9-8170fe332011;;2025-12-29 06:23:42.686652+00;2026-01-07 19:10:38.669457+00;c6105b6e-0416-437b-9e18-70dbe8db0a87;false;;11111111-1111-1111-1111-111111111111
354e337c-c1a1-4c00-9d77-956aa32f7f67;Farmacia;32.28;saida;91296ed5-9c8c-4cca-86ad-b81182b18d44;2025-12-16;;;;0ffcb307-71de-433a-bba9-8170fe332011;;2025-12-29 06:29:27.260424+00;2026-01-07 19:10:38.669457+00;c6105b6e-0416-437b-9e18-70dbe8db0a87;false;;11111111-1111-1111-1111-111111111111
b2996e0d-c923-4424-8a9c-b26329ef2485;Saldo vera lucia;600;entrada;4dbc7dc9-5513-4f9e-8765-0c9b571f7863;2025-12-15;;;f931e4af-0cc6-4231-8faa-cfb24aecb408;0ffcb307-71de-433a-bba9-8170fe332011;;2025-12-29 06:18:52.014298+00;2026-01-07 19:10:38.669457+00;c6105b6e-0416-437b-9e18-70dbe8db0a87;false;;11111111-1111-1111-1111-111111111111
b06e95e1-1671-49d1-8f94-35bd1268e9fe;Material para trilhos;35;saida;34442ded-b7a2-445e-aae1-6c6ae95b7131;2025-12-16;;;;0768d808-c2d9-4aa3-be31-6fd5dbbb387d;;2025-12-29 19:14:10.230658+00;2026-01-07 19:10:38.669457+00;c6105b6e-0416-437b-9e18-70dbe8db0a87;false;;11111111-1111-1111-1111-111111111111
0e02de5b-4c4d-42cb-a4ad-3e7c53af1207;Certificado digital;175;saida;62b7c023-8cae-4914-aa66-4d384554f2bd;2025-12-17;;;;0ffcb307-71de-433a-bba9-8170fe332011;;2025-12-29 19:19:03.394439+00;2026-01-07 19:10:38.669457+00;c6105b6e-0416-437b-9e18-70dbe8db0a87;false;;11111111-1111-1111-1111-111111111111
7f2d9121-46c6-4a40-90e9-564d187791c4;Combustivel.;153.27;saida;7af294be-a218-4c38-9005-340a11490212;2025-12-17;;;;0ffcb307-71de-433a-bba9-8170fe332011;;2025-12-29 19:20:46.018802+00;2026-01-07 19:10:38.669457+00;c6105b6e-0416-437b-9e18-70dbe8db0a87;false;;11111111-1111-1111-1111-111111111111
baa9c448-67cd-414d-bffe-32095f2d4fb5;Material ;170.63;saida;34442ded-b7a2-445e-aae1-6c6ae95b7131;2025-12-17;;;;0ffcb307-71de-433a-bba9-8170fe332011;;2025-12-29 19:21:58.788921+00;2026-01-07 19:10:38.669457+00;c6105b6e-0416-437b-9e18-70dbe8db0a87;false;;11111111-1111-1111-1111-111111111111
1901a77a-2018-4016-b171-b54c9a880ddc;Uber;18.22;saida;91296ed5-9c8c-4cca-86ad-b81182b18d44;2025-12-17;;;;0ffcb307-71de-433a-bba9-8170fe332011;;2025-12-29 19:23:23.121861+00;2026-01-07 19:10:38.669457+00;c6105b6e-0416-437b-9e18-70dbe8db0a87;false;;11111111-1111-1111-1111-111111111111
4dc65054-0e3e-4f7b-ab53-06be56ef723e;√Ågua loja;53;saida;91296ed5-9c8c-4cca-86ad-b81182b18d44;2025-12-17;;;;0ffcb307-71de-433a-bba9-8170fe332011;;2025-12-29 19:23:44.924228+00;2026-01-07 19:10:38.669457+00;c6105b6e-0416-437b-9e18-70dbe8db0a87;false;;11111111-1111-1111-1111-111111111111
81aa6623-1758-4a97-8bd8-b119bf3706a2;Osvaldo;16;saida;91296ed5-9c8c-4cca-86ad-b81182b18d44;2025-12-17;;;;0ffcb307-71de-433a-bba9-8170fe332011;;2025-12-29 19:24:06.370148+00;2026-01-07 19:10:38.669457+00;c6105b6e-0416-437b-9e18-70dbe8db0a87;false;;11111111-1111-1111-1111-111111111111
91ea1cd1-f88e-4cb5-bc33-13bf2eb24068;Almo√ßo dos s√≥cios;169.7;saida;91296ed5-9c8c-4cca-86ad-b81182b18d44;2025-12-18;;;;0ffcb307-71de-433a-bba9-8170fe332011;;2025-12-29 19:25:51.121653+00;2026-01-07 19:10:38.669457+00;c6105b6e-0416-437b-9e18-70dbe8db0a87;false;;11111111-1111-1111-1111-111111111111
26f1d27f-8f73-4468-a564-4d116182cc66;Mercado;20;saida;91296ed5-9c8c-4cca-86ad-b81182b18d44;2025-12-18;;;;0768d808-c2d9-4aa3-be31-6fd5dbbb387d;;2025-12-29 19:28:05.629874+00;2026-01-07 19:10:38.669457+00;c6105b6e-0416-437b-9e18-70dbe8db0a87;false;;11111111-1111-1111-1111-111111111111
f0f0dde5-f296-4179-84b3-92be3b62985a;Notas fiscais servi√ßos contabeis;60;saida;62b7c023-8cae-4914-aa66-4d384554f2bd;2025-12-18;;;;0ffcb307-71de-433a-bba9-8170fe332011;;2025-12-29 19:28:20.961085+00;2026-01-07 19:10:38.669457+00;c6105b6e-0416-437b-9e18-70dbe8db0a87;false;;11111111-1111-1111-1111-111111111111
a459e50a-1367-42e3-80e8-17ad998ddbde;Contabilidade;200;saida;62b7c023-8cae-4914-aa66-4d384554f2bd;2025-12-18;;;;0ffcb307-71de-433a-bba9-8170fe332011;;2025-12-29 19:29:33.474666+00;2026-01-07 19:10:38.669457+00;c6105b6e-0416-437b-9e18-70dbe8db0a87;false;;11111111-1111-1111-1111-111111111111
c79421eb-b78c-424d-830c-4ef928613ad9;Contabilidade;500;saida;62b7c023-8cae-4914-aa66-4d384554f2bd;2025-12-19;;;;0ffcb307-71de-433a-bba9-8170fe332011;;2025-12-29 19:37:22.073345+00;2026-01-07 19:10:38.669457+00;c6105b6e-0416-437b-9e18-70dbe8db0a87;false;;11111111-1111-1111-1111-111111111111
b4f9815e-d94d-4e4a-95b9-3b6d75f8e1f7;Uber ;29.12;saida;91296ed5-9c8c-4cca-86ad-b81182b18d44;2025-12-19;;;;0ffcb307-71de-433a-bba9-8170fe332011;;2025-12-29 19:38:04.053798+00;2026-01-07 19:10:38.669457+00;c6105b6e-0416-437b-9e18-70dbe8db0a87;false;;11111111-1111-1111-1111-111111111111
d81dd85f-b7d5-4d6a-8af4-b995c87a21fe;Manuten√ß√£o raquel;300;entrada;29c4b232-c110-4071-93d6-bd100c897b36;2025-12-15;;;;0ffcb307-71de-433a-bba9-8170fe332011;;2025-12-29 06:20:49.43303+00;2026-01-07 19:10:38.669457+00;c6105b6e-0416-437b-9e18-70dbe8db0a87;true;Ajuste cont√°bil;11111111-1111-1111-1111-111111111111
147ca762-a2d7-4f65-93c9-368868d99120;Gelo üßä;620;saida;91296ed5-9c8c-4cca-86ad-b81182b18d44;2025-12-19;;;;0ffcb307-71de-433a-bba9-8170fe332011;;2025-12-29 19:40:52.808206+00;2026-01-07 19:10:38.669457+00;c6105b6e-0416-437b-9e18-70dbe8db0a87;false;;11111111-1111-1111-1111-111111111111
b2344929-f51e-4440-8651-648e1b145f79;Warung;33;saida;91296ed5-9c8c-4cca-86ad-b81182b18d44;2025-12-30;;;;0768d808-c2d9-4aa3-be31-6fd5dbbb387d;;2025-12-31 18:35:25.708098+00;2026-01-07 19:10:38.669457+00;c6105b6e-0416-437b-9e18-70dbe8db0a87;false;;11111111-1111-1111-1111-111111111111
368cfb4b-d8a0-4ba4-a8c6-ab44122050b8;Saldo persiana Bruno ‚úÖ;725;entrada;4dbc7dc9-5513-4f9e-8765-0c9b571f7863;2025-12-22;;;dab70f89-75d6-456b-a16f-6e89595f567a;0ffcb307-71de-433a-bba9-8170fe332011;;2025-12-29 19:46:24.18979+00;2026-01-07 19:10:38.669457+00;c6105b6e-0416-437b-9e18-70dbe8db0a87;false;;11111111-1111-1111-1111-111111111111
b1867d94-7f9a-4c12-b672-6401e2ad9844;Warung;137;saida;91296ed5-9c8c-4cca-86ad-b81182b18d44;2025-12-30;;;;0768d808-c2d9-4aa3-be31-6fd5dbbb387d;;2025-12-31 18:35:46.567085+00;2026-01-07 19:10:38.669457+00;c6105b6e-0416-437b-9e18-70dbe8db0a87;false;;11111111-1111-1111-1111-111111111111
c6180ee8-a4f8-4110-8484-17cb0214944b;Warung;690;saida;91296ed5-9c8c-4cca-86ad-b81182b18d44;2025-12-30;;;;0768d808-c2d9-4aa3-be31-6fd5dbbb387d;;2025-12-31 18:36:03.702388+00;2026-01-07 19:10:38.669457+00;c6105b6e-0416-437b-9e18-70dbe8db0a87;false;;11111111-1111-1111-1111-111111111111
ca59b572-8b38-4c8b-8b16-febfa4d8364c;Imposto;541.23;saida;2727f545-0a38-4f39-b8a6-7db633deadfd;2025-12-22;;;;0ffcb307-71de-433a-bba9-8170fe332011;;2025-12-29 19:47:34.610805+00;2026-01-07 19:10:38.669457+00;c6105b6e-0416-437b-9e18-70dbe8db0a87;false;;11111111-1111-1111-1111-111111111111
146e6812-70f2-45a5-8726-f473ed65e85c;Imposto;354.16;saida;2727f545-0a38-4f39-b8a6-7db633deadfd;2025-12-22;;;;0ffcb307-71de-433a-bba9-8170fe332011;;2025-12-29 19:49:51.119895+00;2026-01-07 19:10:38.669457+00;c6105b6e-0416-437b-9e18-70dbe8db0a87;false;;11111111-1111-1111-1111-111111111111
16c75f62-b23e-45d4-8469-1a801a69f7be;Combustivel;135.8;saida;7af294be-a218-4c38-9005-340a11490212;2025-12-22;;;;0ffcb307-71de-433a-bba9-8170fe332011;;2025-12-29 19:51:25.39794+00;2026-01-07 19:10:38.669457+00;c6105b6e-0416-437b-9e18-70dbe8db0a87;false;;11111111-1111-1111-1111-111111111111
ac50a57c-7b8a-4223-9cb3-2b54046e2192;Marmita;34.99;saida;91296ed5-9c8c-4cca-86ad-b81182b18d44;2025-12-22;;;;0ffcb307-71de-433a-bba9-8170fe332011;;2025-12-29 19:51:56.94104+00;2026-01-07 19:10:38.669457+00;c6105b6e-0416-437b-9e18-70dbe8db0a87;false;;11111111-1111-1111-1111-111111111111
2f548d0d-8215-44b4-b3bc-318817b4b70c;Instala√ß√£o bruno;160;saida;f5ee4266-0732-48dd-a922-67f178a0f168;2025-12-22;;;;0ffcb307-71de-433a-bba9-8170fe332011;;2025-12-29 19:52:20.290041+00;2026-01-07 19:10:38.669457+00;c6105b6e-0416-437b-9e18-70dbe8db0a87;false;;11111111-1111-1111-1111-111111111111
1474ad56-890d-4982-9f58-8fc0d7f02551;Conveniencia;14;saida;91296ed5-9c8c-4cca-86ad-b81182b18d44;2025-12-22;;;;0ffcb307-71de-433a-bba9-8170fe332011;;2025-12-29 19:54:39.775979+00;2026-01-07 19:10:38.669457+00;c6105b6e-0416-437b-9e18-70dbe8db0a87;false;;11111111-1111-1111-1111-111111111111
abd6ca20-5f34-4d0d-a217-866481d5b1bd;Energ√©tico na academia;14;saida;91296ed5-9c8c-4cca-86ad-b81182b18d44;2025-12-22;;;;0ffcb307-71de-433a-bba9-8170fe332011;;2025-12-29 19:56:00.866639+00;2026-01-07 19:10:38.669457+00;c6105b6e-0416-437b-9e18-70dbe8db0a87;false;;11111111-1111-1111-1111-111111111111
1df5dbaf-cea4-4814-8444-f63f7a30513d;Ipad;1950;saida;00bfc4f0-5f11-4e0d-8190-cf7e5153f224;2025-12-23;;;;0ffcb307-71de-433a-bba9-8170fe332011;;2025-12-29 19:59:13.194721+00;2026-01-07 19:10:38.669457+00;c6105b6e-0416-437b-9e18-70dbe8db0a87;false;;11111111-1111-1111-1111-111111111111
8f26dc60-38bb-4312-bd1d-998d1acc9a84;Uber;35.78;saida;91296ed5-9c8c-4cca-86ad-b81182b18d44;2025-12-23;;;;0ffcb307-71de-433a-bba9-8170fe332011;;2025-12-29 20:00:57.503089+00;2026-01-07 19:10:38.669457+00;c6105b6e-0416-437b-9e18-70dbe8db0a87;false;;11111111-1111-1111-1111-111111111111
695bcb9e-fca2-4599-a2c2-be6f243f2648;Conveniencia;14;saida;91296ed5-9c8c-4cca-86ad-b81182b18d44;2025-12-25;;;;0ffcb307-71de-433a-bba9-8170fe332011;;2025-12-29 20:01:33.855551+00;2026-01-07 19:10:38.669457+00;c6105b6e-0416-437b-9e18-70dbe8db0a87;false;;11111111-1111-1111-1111-111111111111
52df423a-1782-4ddf-ae78-21707cfa713f;Combustivel;67.9;saida;7af294be-a218-4c38-9005-340a11490212;2025-12-25;;;;0ffcb307-71de-433a-bba9-8170fe332011;;2025-12-29 20:02:57.979259+00;2026-01-07 19:10:38.669457+00;c6105b6e-0416-437b-9e18-70dbe8db0a87;false;;11111111-1111-1111-1111-111111111111
d1020acf-6805-43bf-95f9-8120d87e89c9;Mercado;6;saida;91296ed5-9c8c-4cca-86ad-b81182b18d44;2025-12-25;;;;0ffcb307-71de-433a-bba9-8170fe332011;;2025-12-29 20:03:24.172724+00;2026-01-07 19:10:38.669457+00;c6105b6e-0416-437b-9e18-70dbe8db0a87;false;;11111111-1111-1111-1111-111111111111
0ac3752e-10b0-41f7-bf6d-6be20d8943a4;Farmacia;81.3;saida;91296ed5-9c8c-4cca-86ad-b81182b18d44;2025-12-25;;;;0ffcb307-71de-433a-bba9-8170fe332011;;2025-12-29 20:09:14.263386+00;2026-01-07 19:10:38.669457+00;c6105b6e-0416-437b-9e18-70dbe8db0a87;false;;11111111-1111-1111-1111-111111111111
a8a65a8d-f1d9-4036-ad4e-516d422fa784;Apple ;5.9;saida;91296ed5-9c8c-4cca-86ad-b81182b18d44;2025-12-26;;;;0ffcb307-71de-433a-bba9-8170fe332011;;2025-12-29 20:09:51.733086+00;2026-01-07 19:10:38.669457+00;c6105b6e-0416-437b-9e18-70dbe8db0a87;false;;11111111-1111-1111-1111-111111111111
b3fc7246-fd1e-46da-b25f-af87e0ef6604;Uber;28.67;saida;91296ed5-9c8c-4cca-86ad-b81182b18d44;2025-12-27;;;;0ffcb307-71de-433a-bba9-8170fe332011;;2025-12-29 20:12:11.44487+00;2026-01-07 19:10:38.669457+00;c6105b6e-0416-437b-9e18-70dbe8db0a87;false;;11111111-1111-1111-1111-111111111111
19e0a04e-069b-420d-bb43-b3862988f8c0;Balaroti;5.1;saida;91296ed5-9c8c-4cca-86ad-b81182b18d44;2025-12-27;;;;0ffcb307-71de-433a-bba9-8170fe332011;;2025-12-29 20:12:34.629702+00;2026-01-07 19:10:38.669457+00;c6105b6e-0416-437b-9e18-70dbe8db0a87;false;;11111111-1111-1111-1111-111111111111
cb302573-3ac8-451b-b028-9c6b308a4b18;Empr√©stimo s√≥cio carlos;594.82;emprestimo;de00087a-c5b9-46b8-b7b2-2255d04af88a;2025-12-18;;;;0ffcb307-71de-433a-bba9-8170fe332011;;2025-12-29 19:31:44.357574+00;2026-01-07 19:10:38.669457+00;c6105b6e-0416-437b-9e18-70dbe8db0a87;false;;11111111-1111-1111-1111-111111111111
0acb5d91-645a-4be9-967d-a06397b94446;Empr√©stimo s√≥cio carlos;410;emprestimo;de00087a-c5b9-46b8-b7b2-2255d04af88a;2025-12-19;;;;0ffcb307-71de-433a-bba9-8170fe332011;;2025-12-29 19:39:12.877038+00;2026-01-07 19:10:38.669457+00;c6105b6e-0416-437b-9e18-70dbe8db0a87;false;;11111111-1111-1111-1111-111111111111
4e5f41d2-369e-4134-ad26-3d778b1fedea;Empr√©stimo s√≥cio carlos;215;emprestimo;de00087a-c5b9-46b8-b7b2-2255d04af88a;2025-12-19;;;;0ffcb307-71de-433a-bba9-8170fe332011;;2025-12-29 19:42:04.321184+00;2026-01-07 19:10:38.669457+00;c6105b6e-0416-437b-9e18-70dbe8db0a87;false;;11111111-1111-1111-1111-111111111111
30fe66b9-ac88-4048-949e-2e3459f351c1;Empr√©stimo s√≥cio carlos;1060;emprestimo;de00087a-c5b9-46b8-b7b2-2255d04af88a;2025-12-21;;;;0ffcb307-71de-433a-bba9-8170fe332011;;2025-12-29 19:43:05.973618+00;2026-01-07 19:10:38.669457+00;c6105b6e-0416-437b-9e18-70dbe8db0a87;false;;11111111-1111-1111-1111-111111111111
5ff5f8a9-5d22-4b20-bb06-4995a3e35fbb;Presente do pai do carlos;200;emprestimo;de00087a-c5b9-46b8-b7b2-2255d04af88a;2025-12-22;;;;0ffcb307-71de-433a-bba9-8170fe332011;;2025-12-29 19:53:22.060919+00;2026-01-07 19:10:38.669457+00;c6105b6e-0416-437b-9e18-70dbe8db0a87;false;;11111111-1111-1111-1111-111111111111
67fc0916-d423-4809-a6a4-38d2716b8987;Academia;219.9;emprestimo;de00087a-c5b9-46b8-b7b2-2255d04af88a;2025-12-22;;;;0ffcb307-71de-433a-bba9-8170fe332011;;2025-12-29 19:55:25.865859+00;2026-01-07 19:10:38.669457+00;c6105b6e-0416-437b-9e18-70dbe8db0a87;false;;11111111-1111-1111-1111-111111111111
ed040f78-5ded-4daf-8048-d5f3117ac3a2;Empr√©stimo s√≥cio carlos;200;emprestimo;de00087a-c5b9-46b8-b7b2-2255d04af88a;2025-12-23;;;;0ffcb307-71de-433a-bba9-8170fe332011;;2025-12-29 20:00:22.047221+00;2026-01-07 19:10:38.669457+00;c6105b6e-0416-437b-9e18-70dbe8db0a87;false;;11111111-1111-1111-1111-111111111111
101cca68-8653-4b79-b7bc-eacf6818c98f;T√¢nia diarista;150;emprestimo;de00087a-c5b9-46b8-b7b2-2255d04af88a;2025-12-27;;;;0ffcb307-71de-433a-bba9-8170fe332011;;2025-12-29 20:13:01.198044+00;2026-01-07 19:10:38.669457+00;c6105b6e-0416-437b-9e18-70dbe8db0a87;false;;11111111-1111-1111-1111-111111111111
baf70a26-8334-4511-a979-78bb7d5ef958;Pod s√≥cio carlos;120;emprestimo;de00087a-c5b9-46b8-b7b2-2255d04af88a;2025-12-28;;;;0ffcb307-71de-433a-bba9-8170fe332011;;2025-12-29 20:14:26.130843+00;2026-01-07 19:10:38.669457+00;c6105b6e-0416-437b-9e18-70dbe8db0a87;false;;11111111-1111-1111-1111-111111111111
d222d406-c1d7-4c32-9fbe-825a57f03ea5;Uber;25;saida;91296ed5-9c8c-4cca-86ad-b81182b18d44;2025-12-30;;;;0768d808-c2d9-4aa3-be31-6fd5dbbb387d;;2025-12-31 18:34:20.544939+00;2026-01-07 19:10:38.669457+00;c6105b6e-0416-437b-9e18-70dbe8db0a87;false;;11111111-1111-1111-1111-111111111111
8aee750b-3996-4d88-9260-0f871cb377ef;Warung;35;saida;91296ed5-9c8c-4cca-86ad-b81182b18d44;2025-12-30;;;;0768d808-c2d9-4aa3-be31-6fd5dbbb387d;;2025-12-31 18:34:58.514269+00;2026-01-07 19:10:38.669457+00;c6105b6e-0416-437b-9e18-70dbe8db0a87;false;;11111111-1111-1111-1111-111111111111
77659def-b752-4662-bdb8-0c309b9ffe57;Warung;125;saida;91296ed5-9c8c-4cca-86ad-b81182b18d44;2025-12-30;;;;0768d808-c2d9-4aa3-be31-6fd5dbbb387d;;2025-12-31 18:35:10.730699+00;2026-01-07 19:10:38.669457+00;c6105b6e-0416-437b-9e18-70dbe8db0a87;false;;11111111-1111-1111-1111-111111111111
887c59ce-2fc4-40d0-a320-a5f4217e7cbc;Recebimento parcela 1 - Enzo ;138;entrada;;2025-12-31;;;2915195c-182c-4d6b-bac3-371ab7e7820d;;;2025-12-31 18:38:06.674864+00;2026-01-07 19:10:38.669457+00;c6105b6e-0416-437b-9e18-70dbe8db0a87;false;;11111111-1111-1111-1111-111111111111
805fc3f2-9dc5-4aa1-8399-0ac00cef2cb0;Panvel;5.97;saida;91296ed5-9c8c-4cca-86ad-b81182b18d44;2025-12-31;;;;0768d808-c2d9-4aa3-be31-6fd5dbbb387d;;2025-12-31 18:39:19.058583+00;2026-01-07 19:10:38.669457+00;c6105b6e-0416-437b-9e18-70dbe8db0a87;false;;11111111-1111-1111-1111-111111111111
8b1d7506-b527-4eaf-a383-58a3492204cb;Prefeitura de balneario;257.53;saida;62b7c023-8cae-4914-aa66-4d384554f2bd;2025-12-31;;;;0ffcb307-71de-433a-bba9-8170fe332011;;2025-12-31 18:40:05.525989+00;2026-01-07 19:10:38.669457+00;c6105b6e-0416-437b-9e18-70dbe8db0a87;false;;11111111-1111-1111-1111-111111111111
393679b6-f03f-4369-a580-95b4373e5ae6;Spotify;23.9;saida;6ec09e84-cdd1-4fff-9013-9d3d5b448052;2026-01-05;;;;0ffcb307-71de-433a-bba9-8170fe332011;;2026-01-05 22:57:10.417457+00;2026-01-07 19:10:38.669457+00;c6105b6e-0416-437b-9e18-70dbe8db0a87;false;;11111111-1111-1111-1111-111111111111
ebc835bb-41d1-4509-a8e1-c0f0458b7175;Recebimento: Brandt - Parcela 1;100;entrada;;2026-01-02;;;71c17b34-7550-4d8f-b415-247db7bd78b5;;;2026-01-06 11:59:35.65322+00;2026-01-07 19:10:38.669457+00;c6105b6e-0416-437b-9e18-70dbe8db0a87;false;;11111111-1111-1111-1111-111111111111
1e196845-c3b8-467f-a895-960c4adf4b82;Pagamento Ibg;600;entrada;365b69c3-4214-41f9-b37f-2af4fc2463af;2025-11-28;;;;0ffcb307-71de-433a-bba9-8170fe332011;;2025-12-28 15:41:15.256352+00;2026-01-07 19:10:38.669457+00;c6105b6e-0416-437b-9e18-70dbe8db0a87;true;Ajuste cont√°bil;11111111-1111-1111-1111-111111111111
3f87839f-6cd6-486a-bda8-fb9926524184;Aplica√ß√£o s√≥cio carlos;330;entrada;9bb5d729-e4a3-4019-a13a-5453470fb4ab;2025-12-05;;;;0ffcb307-71de-433a-bba9-8170fe332011;;2025-12-28 21:34:41.828196+00;2026-01-07 19:10:38.669457+00;c6105b6e-0416-437b-9e18-70dbe8db0a87;true;Ajuste cont√°bil;11111111-1111-1111-1111-111111111111
568378ac-7353-4f7a-82fc-14e9fc66fec3;Aplica√ß√£o ;270;entrada;9bb5d729-e4a3-4019-a13a-5453470fb4ab;2025-12-09;;;;0ffcb307-71de-433a-bba9-8170fe332011;;2025-12-29 05:43:47.553473+00;2026-01-07 19:10:38.669457+00;c6105b6e-0416-437b-9e18-70dbe8db0a87;true;Ajuste cont√°bil;11111111-1111-1111-1111-111111111111
dd130a53-e09e-4e65-b122-7d7d32ff7b93;Pagamento trilho itapema;1100;entrada;a7992b9f-2de2-44bd-8cae-12dbdade0360;2025-12-16;;;;0ffcb307-71de-433a-bba9-8170fe332011;;2025-12-29 06:35:24.544565+00;2026-01-07 19:10:38.669457+00;c6105b6e-0416-437b-9e18-70dbe8db0a87;true;Ajuste cont√°bil;11111111-1111-1111-1111-111111111111
75daf991-b2e6-416e-b204-c63e9dcbd0e8;Aplica√ß√£o s√≥cio carlos;41.98;entrada;9bb5d729-e4a3-4019-a13a-5453470fb4ab;2025-12-17;;;;0768d808-c2d9-4aa3-be31-6fd5dbbb387d;;2025-12-29 19:14:32.597466+00;2026-01-07 19:10:38.669457+00;c6105b6e-0416-437b-9e18-70dbe8db0a87;true;Ajuste cont√°bil;11111111-1111-1111-1111-111111111111
e7b73a3e-ae30-4dfc-a43b-b31c262a3e0f;Aplica√ß√£o ;100;entrada;9bb5d729-e4a3-4019-a13a-5453470fb4ab;2025-12-18;;;;0ffcb307-71de-433a-bba9-8170fe332011;;2025-12-29 19:25:17.576891+00;2026-01-07 19:10:38.669457+00;c6105b6e-0416-437b-9e18-70dbe8db0a87;true;Ajuste cont√°bil;11111111-1111-1111-1111-111111111111
ccbfd971-08c7-428c-a2a2-85d714592dd5;Entrada Jo√£o pedro;310;entrada;73294537-a9c0-4f87-b33c-20c3b7233d99;2025-12-19;;;;0ffcb307-71de-433a-bba9-8170fe332011;;2025-12-29 19:36:27.571836+00;2026-01-07 19:10:38.669457+00;c6105b6e-0416-437b-9e18-70dbe8db0a87;true;Ajuste cont√°bil;11111111-1111-1111-1111-111111111111
9fb23ad3-d21f-47e7-8872-2a42d661aca0;Abastecimento;135;entrada;b609497f-f542-49ca-8e72-b167af59c112;2025-12-22;;;;0ffcb307-71de-433a-bba9-8170fe332011;;2025-12-29 19:44:32.947872+00;2026-01-07 19:10:38.669457+00;c6105b6e-0416-437b-9e18-70dbe8db0a87;true;Ajuste cont√°bil;11111111-1111-1111-1111-111111111111
2c207aad-a96b-4905-8609-28d1c4a7426f;Aplica√ß√£o s√≥cio Carlos ;150;entrada;9bb5d729-e4a3-4019-a13a-5453470fb4ab;2025-12-22;;;;0ffcb307-71de-433a-bba9-8170fe332011;;2025-12-29 19:47:19.938088+00;2026-01-07 19:10:38.669457+00;c6105b6e-0416-437b-9e18-70dbe8db0a87;true;Ajuste cont√°bil;11111111-1111-1111-1111-111111111111
403a71ad-2fe1-4a4e-b339-c921b48116ea;Pagamento parte limpeza quarto s√≥cio carlos;50;entrada;b609497f-f542-49ca-8e72-b167af59c112;2025-12-27;;;;0ffcb307-71de-433a-bba9-8170fe332011;;2025-12-29 20:11:03.362348+00;2026-01-07 19:10:38.669457+00;c6105b6e-0416-437b-9e18-70dbe8db0a87;true;Ajuste cont√°bil;11111111-1111-1111-1111-111111111111
f4f7d3c8-10c7-41f0-bb19-cddfd3f59646;Reembolso uber;0.01;entrada;b609497f-f542-49ca-8e72-b167af59c112;2025-12-27;;;;0ffcb307-71de-433a-bba9-8170fe332011;;2025-12-29 20:11:25.087765+00;2026-01-07 19:10:38.669457+00;c6105b6e-0416-437b-9e18-70dbe8db0a87;true;Ajuste cont√°bil;11111111-1111-1111-1111-111111111111
0c46a23e-82a9-4caa-85c7-88cd00dda07e;Pagamento Luiz Gustavo ‚úÖ;650;entrada;2bed99c0-5fd9-4b28-880e-727b5bbc4052;2025-12-01;;;;0ffcb307-71de-433a-bba9-8170fe332011;;2025-12-28 21:13:43.950858+00;2026-01-07 19:10:38.669457+00;c6105b6e-0416-437b-9e18-70dbe8db0a87;true;Ajuste cont√°bil;11111111-1111-1111-1111-111111111111
f57ccd57-3c4e-4938-b25b-75956e8fdc1e;Resgate RDB;1500;entrada;;2025-12-19;;;;;;2026-01-06 11:59:20.189864+00;2026-01-07 19:10:38.669457+00;c6105b6e-0416-437b-9e18-70dbe8db0a87;true;Ajuste cont√°bil;11111111-1111-1111-1111-111111111111
6b429085-7f62-4f49-9195-991e6a6f68bb;Fornecedor compra material;61.8;saida;34442ded-b7a2-445e-aae1-6c6ae95b7131;2026-01-08;;;;0ffcb307-71de-433a-bba9-8170fe332011;;2026-01-11 19:38:38.570155+00;2026-01-11 19:38:38.570155+00;c6105b6e-0416-437b-9e18-70dbe8db0a87;false;;11111111-1111-1111-1111-111111111111
eeb3f274-e628-49fe-9c8e-32d397699300;Farm√°cia S√£o joao;119.17;saida;91296ed5-9c8c-4cca-86ad-b81182b18d44;2026-01-09;;;;0ffcb307-71de-433a-bba9-8170fe332011;;2026-01-11 19:42:59.608743+00;2026-01-11 19:42:59.608743+00;c6105b6e-0416-437b-9e18-70dbe8db0a87;false;;11111111-1111-1111-1111-111111111111
5fd2a56c-d6cb-4724-a9ed-1a8b74b81267;Mercado koch;171.68;saida;fcb00b15-e739-4928-9f3e-20c0f4e21dd7;2026-01-10;;;;0ffcb307-71de-433a-bba9-8170fe332011;;2026-01-11 19:59:48.325542+00;2026-01-11 19:59:48.325542+00;c6105b6e-0416-437b-9e18-70dbe8db0a87;false;;11111111-1111-1111-1111-111111111111
bf865260-fb8f-4a55-b1ea-d9c5abd6c1f2;Dinheiro vivo;150;saida;11fea846-7e3b-4272-af87-c85beec7fba9;2026-01-11;;;;0bfe1a84-3af3-486c-80c2-33efaea8fcda;;2026-01-12 02:35:49.860063+00;2026-01-12 02:35:49.860063+00;c6105b6e-0416-437b-9e18-70dbe8db0a87;false;;11111111-1111-1111-1111-111111111111
7e38b810-8cbd-4042-861f-9929bea6654f;Recebimento parcela 1 - Empr√©stimo - Pod s√≥cio carlos;120;entrada;;2026-01-02;;;;0ffcb307-71de-433a-bba9-8170fe332011;;2026-01-03 00:38:24.040198+00;2026-01-13 14:56:50.843331+00;c6105b6e-0416-437b-9e18-70dbe8db0a87;false;;11111111-1111-1111-1111-111111111111